{
 "version": 1,
 "statuts": {},
 "cadrages": {
  "merveilles-du-monde_mausolee-d-halicarnasse": {
   "cx": 0.48827284946236554,
   "cy": 0.5,
   "w": 0.7505376344086022,
   "original": true,
   "editeLe": 1783711375357
  },
  "merveilles-du-monde_statue-chryselephantine-de-zeus-a-olympie": {
   "cx": 0.5,
   "cy": 0.5,
   "w": 0.7505376344086022,
   "original": true,
   "editeLe": 1783711391400
  },
  "merveilles-du-monde_colosse-de-rhodes": {
   "cx": 0.5,
   "cy": 0.5,
   "w": 0.7505376344086022,
   "original": true,
   "editeLe": 1783711403567
  },
  "merveilles-du-monde_pyramide-de-kheops": {
   "cx": 0.3752688172043011,
   "cy": 0.5,
   "w": 0.7505376344086022,
   "original": true,
   "editeLe": 1783711414032
  },
  "merveilles-du-monde_jardins-suspendus-de-babylone": {
   "cx": 0.5383908045977012,
   "cy": 0.5,
   "w": 0.9232183908045976,
   "original": true,
   "editeLe": 1783711432886
  },
  "merveilles-du-monde_phare-d-alexandrie": {
   "cx": 0.5,
   "cy": 0.5,
   "w": 0.7505376344086022,
   "original": true,
   "editeLe": 1783711444756
  },
  "merveilles-du-monde_temple-d-artemis-a-ephese": {
   "cx": 0.5175907258064516,
   "cy": 0.5,
   "w": 0.7505376344086022,
   "original": true,
   "editeLe": 1783712033329
  },
  "merveilles-du-monde_statue-du-christ-redempteur": {
   "cx": 0.5,
   "cy": 0.3644140625,
   "w": 1,
   "original": true,
   "editeLe": 1783712041996
  },
  "pilotes-f1-champions-du-monde_giuseppe-farina": {
   "cx": 0.553609375,
   "cy": 0.5,
   "w": 0.89,
   "original": true,
   "editeLe": 1783712346885
  },
  "pilotes-f1-champions-du-monde_juan-manuel-fangio": {
   "cx": 0.5,
   "cy": 0.5,
   "w": 0.888888888888889,
   "original": true,
   "editeLe": 1783712209530
  },
  "pilotes-f1-champions-du-monde_alberto-ascari": {
   "cx": 0.5,
   "cy": 0.5,
   "w": 0.888888888888889,
   "original": true,
   "editeLe": 1783712256826
  },
  "pilotes-f1-champions-du-monde_mike-hawthorn": {
   "cx": 0.5,
   "cy": 0.3794048108552632,
   "w": 1,
   "original": true,
   "editeLe": 1783712317742
  },
  "pilotes-f1-champions-du-monde_jack-brabham": {
   "cx": 0.5552977571539056,
   "cy": 0.5,
   "w": 0.8894044856921888,
   "original": true,
   "editeLe": 1783712433845
  },
  "pilotes-f1-champions-du-monde_phil-hill": {
   "cx": 0.5171874999999999,
   "cy": 0.5,
   "w": 0.75,
   "original": true,
   "editeLe": 1783712511676
  },
  "pilotes-f1-champions-du-monde_graham-hill": {
   "cx": 0.538978494623656,
   "cy": 0.5,
   "w": 0.8602150537634409,
   "original": true,
   "editeLe": 1783712582036
  },
  "pilotes-f1-champions-du-monde_jim-clark": {
   "cx": 0.46367187499999996,
   "cy": 0.5,
   "w": 0.75,
   "original": true,
   "editeLe": 1783712617254
  },
  "pilotes-f1-champions-du-monde_john-surtees": {
   "cx": 0.5,
   "cy": 0.5,
   "w": 0.75,
   "original": true,
   "editeLe": 1783712731239
  },
  "pilotes-f1-champions-du-monde_denny-hulme": {
   "cx": 0.5,
   "cy": 0.5000000000000001,
   "w": 0.75,
   "original": true,
   "editeLe": 1783712755148
  },
  "pilotes-f1-champions-du-monde_jackie-stewart": {
   "cx": 0.46539647108843535,
   "cy": 0.5,
   "w": 0.8891156462585034,
   "original": true,
   "editeLe": 1783712806328
  },
  "pilotes-f1-champions-du-monde_jochen-rindt": {
   "cx": 0.48476562500000003,
   "cy": 0.5,
   "w": 0.75,
   "original": true,
   "editeLe": 1783712859790
  },
  "pilotes-f1-champions-du-monde_emerson-fittipaldi": {
   "cx": 0.5136073088842977,
   "cy": 0.5692665289256198,
   "w": 0.6198347107438016,
   "original": true,
   "editeLe": 1783712887355
  },
  "pilotes-f1-champions-du-monde_niki-lauda": {
   "cx": 0.4711389462809918,
   "cy": 0.5199724517906337,
   "w": 0.7575757575757575,
   "original": true,
   "editeLe": 1783712949084
  },
  "pilotes-f1-champions-du-monde_james-hunt": {
   "cx": 0.5,
   "cy": 0.5,
   "w": 1,
   "original": true,
   "editeLe": 1783712986889
  },
  "pilotes-f1-champions-du-monde_mario-andretti": {
   "cx": 0.5,
   "cy": 0.5,
   "w": 0.7552083333333334,
   "original": true,
   "editeLe": 1783713051350
  },
  "pilotes-f1-champions-du-monde_jody-scheckter": {
   "cx": 0.5466666666666666,
   "cy": 0.5,
   "w": 0.9066666666666666,
   "original": true,
   "editeLe": 1783713091794
  },
  "pilotes-f1-champions-du-monde_alan-jones": {
   "cx": 0.5413851351351351,
   "cy": 0.5,
   "w": 0.7567567567567568,
   "original": true,
   "editeLe": 1783713140076
  },
  "pilotes-f1-champions-du-monde_nelson-piquet": {
   "cx": 0.5173118224750457,
   "cy": 0.4344008264462809,
   "w": 0.733569460842188,
   "original": true,
   "editeLe": 1783713232525
  },
  "pilotes-f1-champions-du-monde_keke-rosberg": {
   "cx": 0.4937318778782192,
   "cy": 0.45454545454545453,
   "w": 0.8186935016203308,
   "original": true,
   "editeLe": 1783713289292
  },
  "pilotes-f1-champions-du-monde_alain-prost": {
   "cx": 0.4707732059282371,
   "cy": 0.48806818181818185,
   "w": 0.8835626152318821,
   "original": true,
   "editeLe": 1783713323519
  },
  "pilotes-f1-champions-du-monde_ayrton-senna": {
   "cx": 0.5208507466190833,
   "cy": 0.46143094164788384,
   "w": 0.6198347107438015,
   "original": true,
   "editeLe": 1783713381353
  },
  "pilotes-f1-champions-du-monde_nigel-mansell": {
   "cx": 0.5081813339359503,
   "cy": 0.5334022038567494,
   "w": 0.8011363636363635,
   "original": true,
   "editeLe": 1783713425168
  },
  "pilotes-f1-champions-du-monde_michael-schumacher": {
   "cx": 0.5541666666666667,
   "cy": 0.5,
   "w": 0.888888888888889,
   "original": true,
   "editeLe": 1783713517967
  },
  "pilotes-f1-champions-du-monde_damon-hill": {
   "cx": 0.5,
   "cy": 0.5,
   "w": 0.8816666666666667,
   "original": true,
   "editeLe": 1783713543954
  },
  "pilotes-f1-champions-du-monde_jacques-villeneuve": {
   "cx": 0.5281349206349206,
   "cy": 0.5,
   "w": 0.7502645502645503,
   "original": true,
   "editeLe": 1783713566488
  },
  "pilotes-f1-champions-du-monde_mika-hakkinen": {
   "cx": 0.5046217012584523,
   "cy": 0.37722263961933367,
   "w": 0.6667918858001501,
   "original": true,
   "editeLe": 1783713595313
  },
  "pilotes-f1-champions-du-monde_fernando-alonso": {
   "cx": 0.5,
   "cy": 0.5,
   "w": 0.888148148148148,
   "original": true,
   "editeLe": 1783713690465
  },
  "pilotes-f1-champions-du-monde_kimi-raikkonen": {
   "cx": 0.4435898071625344,
   "cy": 0.5382403581267218,
   "w": 0.7349862258953166,
   "original": true,
   "editeLe": 1783713717903
  },
  "pilotes-f1-champions-du-monde_lewis-hamilton": {
   "cx": 0.3630174703841831,
   "cy": 0.5108940646130729,
   "w": 0.6953829020012631,
   "original": true,
   "editeLe": 1783713778577
  },
  "pilotes-f1-champions-du-monde_jenson-button": {
   "cx": 0.49999999999999994,
   "cy": 0.35569251227495907,
   "w": 0.9999999999999999,
   "original": true,
   "editeLe": 1783713800747
  },
  "pilotes-f1-champions-du-monde_sebastian-vettel": {
   "cx": 0.54991455078125,
   "cy": 0.5,
   "w": 0.8873697916666666,
   "original": true,
   "editeLe": 1783713819163
  },
  "pilotes-f1-champions-du-monde_nico-rosberg": {
   "cx": 0.5,
   "cy": 0.5,
   "w": 1,
   "original": true,
   "editeLe": 1783713841963
  },
  "pilotes-f1-champions-du-monde_max-verstappen": {
   "cx": 0.5,
   "cy": 0.375,
   "w": 1,
   "original": true,
   "editeLe": 1783713869018
  },
  "pilotes-f1-champions-du-monde_lando-norris": {
   "cx": 0.5,
   "cy": 0.3984375,
   "w": 1,
   "original": true,
   "editeLe": 1783713891819
  },
  "corps-celestes_136108-haumea": {
   "cx": 0.5,
   "cy": 0.49999999999999994,
   "w": 1,
   "original": true,
   "editeLe": 1783714505670
  },
  "corps-celestes_136199-eris": {
   "cx": 0.5,
   "cy": 0.5015625,
   "w": 1,
   "original": true,
   "editeLe": 1783714529469
  },
  "corps-celestes_136472-makemake": {
   "cx": 0.5,
   "cy": 0.5,
   "w": 0.8888888888888888,
   "original": true,
   "editeLe": 1783714577073
  },
  "corps-celestes_triton-lune": {
   "cx": 0.5,
   "cy": 0.5,
   "w": 0.75177304964539,
   "original": true,
   "editeLe": 1783714634568
  }
 },