{
 "version": 1,
 "statuts": {},
 "cadrages": {
  "merveilles-du-monde_mausolee-d-halicarnasse": {
   "cx": 0.48827284946236554,
   "cy": 0.5,
   "w": 0.7505376344086022,
   "original": true,
   "editeLe": 1783711375357
  },
  "merveilles-du-monde_statue-chryselephantine-de-zeus-a-olympie": {
   "cx": 0.5,
   "cy": 0.5,
   "w": 0.7505376344086022,
   "original": true,
   "editeLe": 1783711391400
  },
  "merveilles-du-monde_colosse-de-rhodes": {
   "cx": 0.5,
   "cy": 0.5,
   "w": 0.7505376344086022,
   "original": true,
   "editeLe": 1783711403567
  },
  "merveilles-du-monde_pyramide-de-kheops": {
   "cx": 0.3752688172043011,
   "cy": 0.5,
   "w": 0.7505376344086022,
   "original": true,
   "editeLe": 1783711414032
  },
  "merveilles-du-monde_jardins-suspendus-de-babylone": {
   "cx": 0.5383908045977012,
   "cy": 0.5,
   "w": 0.9232183908045976,
   "original": true,
   "editeLe": 1783711432886
  },
  "merveilles-du-monde_phare-d-alexandrie": {
   "cx": 0.5,
   "cy": 0.5,
   "w": 0.7505376344086022,
   "original": true,
   "editeLe": 1783711444756
  },
  "merveilles-du-monde_temple-d-artemis-a-ephese": {
   "cx": 0.5175907258064516,
   "cy": 0.5,
   "w": 0.7505376344086022,
   "original": true,
   "editeLe": 1783712033329
  },
  "merveilles-du-monde_statue-du-christ-redempteur": {
   "cx": 0.5,
   "cy": 0.3644140625,
   "w": 1,
   "original": true,
   "editeLe": 1783712041996
  },
  "pilotes-f1-champions-du-monde_giuseppe-farina": {
   "cx": 0.553609375,
   "cy": 0.5,
   "w": 0.89,
   "original": true,
   "editeLe": 1783712346885
  },
  "pilotes-f1-champions-du-monde_juan-manuel-fangio": {
   "cx": 0.5,
   "cy": 0.5,
   "w": 0.888888888888889,
   "original": true,
   "editeLe": 1783712209530
  },
  "pilotes-f1-champions-du-monde_alberto-ascari": {
   "cx": 0.5,
   "cy": 0.5,
   "w": 0.888888888888889,
   "original": true,
   "editeLe": 1783712256826
  },
  "pilotes-f1-champions-du-monde_mike-hawthorn": {
   "cx": 0.5,
   "cy": 0.3794048108552632,
   "w": 1,
   "original": true,
   "editeLe": 1783712317742
  },
  "pilotes-f1-champions-du-monde_jack-brabham": {
   "cx": 0.5552977571539056,
   "cy": 0.5,
   "w": 0.8894044856921888,
   "original": true,
   "editeLe": 1783712433845
  },
  "pilotes-f1-champions-du-monde_phil-hill": {
   "cx": 0.5171874999999999,
   "cy": 0.5,
   "w": 0.75,
   "original": true,
   "editeLe": 1783712511676
  },
  "pilotes-f1-champions-du-monde_graham-hill": {
   "cx": 0.538978494623656,
   "cy": 0.5,
   "w": 0.8602150537634409,
   "original": true,
   "editeLe": 1783712582036
  },
  "pilotes-f1-champions-du-monde_jim-clark": {
   "cx": 0.46367187499999996,
   "cy": 0.5,
   "w": 0.75,
   "original": true,
   "editeLe": 1783712617254
  },
  "pilotes-f1-champions-du-monde_john-surtees": {
   "cx": 0.5,
   "cy": 0.5,
   "w": 0.75,
   "original": true,
   "editeLe": 1783712731239
  },
  "pilotes-f1-champions-du-monde_denny-hulme": {
   "cx": 0.5,
   "cy": 0.5000000000000001,
   "w": 0.75,
   "original": true,
   "editeLe": 1783712755148
  },
  "pilotes-f1-champions-du-monde_jackie-stewart": {
   "cx": 0.46539647108843535,
   "cy": 0.5,
   "w": 0.8891156462585034,
   "original": true,
   "editeLe": 1783712806328
  },
  "pilotes-f1-champions-du-monde_jochen-rindt": {
   "cx": 0.48476562500000003,
   "cy": 0.5,
   "w": 0.75,
   "original": true,
   "editeLe": 1783712859790
  },
  "pilotes-f1-champions-du-monde_emerson-fittipaldi": {
   "cx": 0.5136073088842977,
   "cy": 0.5692665289256198,
   "w": 0.6198347107438016,
   "original": true,
   "editeLe": 1783712887355
  },
  "pilotes-f1-champions-du-monde_niki-lauda": {
   "cx": 0.4711389462809918,
   "cy": 0.5199724517906337,
   "w": 0.7575757575757575,
   "original": true,
   "editeLe": 1783712949084
  },
  "pilotes-f1-champions-du-monde_james-hunt": {
   "cx": 0.5,
   "cy": 0.5,
   "w": 1,
   "original": true,
   "editeLe": 1783712986889
  },
  "pilotes-f1-champions-du-monde_mario-andretti": {
   "cx": 0.5,
   "cy": 0.5,
   "w": 0.7552083333333334,
   "original": true,
   "editeLe": 1783713051350
  }
 },
 "notes": []
}