{
 "version": 1,
 "statuts": {},
 "cadrages": {
  "merveilles-du-monde_mausolee-d-halicarnasse": {
   "cx": 0.48827284946236554,
   "cy": 0.5,
   "w": 0.7505376344086022,
   "original": true,
   "editeLe": 1783711375357
  },
  "merveilles-du-monde_statue-chryselephantine-de-zeus-a-olympie": {
   "cx": 0.5,
   "cy": 0.5,
   "w": 0.7505376344086022,
   "original": true,
   "editeLe": 1783711391400
  },
  "merveilles-du-monde_colosse-de-rhodes": {
   "cx": 0.5,
   "cy": 0.5,
   "w": 0.7505376344086022,
   "original": true,
   "editeLe": 1783711403567
  },
  "merveilles-du-monde_pyramide-de-kheops": {
   "cx": 0.3752688172043011,
   "cy": 0.5,
   "w": 0.7505376344086022,
   "original": true,
   "editeLe": 1783711414032
  },
  "merveilles-du-monde_jardins-suspendus-de-babylone": {
   "cx": 0.5383908045977012,
   "cy": 0.5,
   "w": 0.9232183908045976,
   "original": true,
   "editeLe": 1783711432886
  },
  "merveilles-du-monde_phare-d-alexandrie": {
   "cx": 0.5,
   "cy": 0.5,
   "w": 0.7505376344086022,
   "original": true,
   "editeLe": 1783711444756
  },
  "merveilles-du-monde_temple-d-artemis-a-ephese": {
   "cx": 0.5175907258064516,
   "cy": 0.5,
   "w": 0.7505376344086022,
   "original": true,
   "editeLe": 1783712033329
  },
  "merveilles-du-monde_statue-du-christ-redempteur": {
   "cx": 0.5,
   "cy": 0.3644140625,
   "w": 1,
   "original": true,
   "editeLe": 1783712041996
  },
  "pilotes-f1-champions-du-monde_giuseppe-farina": {
   "cx": 0.553609375,
   "cy": 0.5,
   "w": 0.89,
   "original": true,
   "editeLe": 1783712346885
  },
  "pilotes-f1-champions-du-monde_juan-manuel-fangio": {
   "cx": 0.5,
   "cy": 0.5,
   "w": 0.888888888888889,
   "original": true,
   "editeLe": 1783712209530
  },
  "pilotes-f1-champions-du-monde_alberto-ascari": {
   "cx": 0.5,
   "cy": 0.5,
   "w": 0.888888888888889,
   "original": true,
   "editeLe": 1783712256826
  },
  "pilotes-f1-champions-du-monde_mike-hawthorn": {
   "cx": 0.5,
   "cy": 0.3794048108552632,
   "w": 1,
   "original": true,
   "editeLe": 1783712317742
  },
  "pilotes-f1-champions-du-monde_jack-brabham": {
   "cx": 0.5552977571539056,
   "cy": 0.5,
   "w": 0.8894044856921888,
   "original": true,
   "editeLe": 1783712433845
  }
 },
 "notes": []
}