{
 "version": 1,
 "statuts": {},
 "cadrages": {
  "merveilles-du-monde_mausolee-d-halicarnasse": {
   "cx": 0.48827284946236554,
   "cy": 0.5,
   "w": 0.7505376344086022,
   "original": true,
   "editeLe": 1783711375357
  },
  "merveilles-du-monde_statue-chryselephantine-de-zeus-a-olympie": {
   "cx": 0.5,
   "cy": 0.5,
   "w": 0.7505376344086022,
   "original": true,
   "editeLe": 1783711391400
  },
  "merveilles-du-monde_colosse-de-rhodes": {
   "cx": 0.5,
   "cy": 0.5,
   "w": 0.7505376344086022,
   "original": true,
   "editeLe": 1783711403567
  },
  "merveilles-du-monde_pyramide-de-kheops": {
   "cx": 0.3752688172043011,
   "cy": 0.5,
   "w": 0.7505376344086022,
   "original": true,
   "editeLe": 1783711414032
  }
 },
 "notes": []
}